{"precision_attrition_1": 0.5, "recall_attrition_1": 0.425531914893617, "f1_attrition_1": 0.4597701149425288, "threshold": 0.3}